index,name
0,Alison Aufderhar
1,Susie Mertz V
2,Lew Sipes Jr.
3,Garrett Mills
4,Dusty Denesik
5,Josie Zulauf
6,Foster Flatley
7,Irma Streich
8,Arielle Spinka
9,Tara Romaguera
10,Fred West
11,Joshuah Klein
12,Selena Prohaska DVM
13,Elisa Gibson
14,Maya Herzog
15,Mrs. Grayce Gusikowski
16,Beatrice Barton
17,Boyd Williamson
18,Rodger Wiza
19,Ada Jacobson
20,Tracey Batz
21,Norberto Cormier
22,Arnulfo Schmitt
23,Ms. Lucio Bode
24,Sidney Hermann
25,Isai Quigley
26,Devante Satterfield
27,Antonina Armstrong
28,Lonie Conroy V
29,Dr. Tillman Bailey
30,Shanel Gaylord
31,Angie Hilpert
32,Domenico Crooks
33,Muriel Kling
34,Bret Bashirian
35,Leland Bartell
36,Floy Simonis
37,Cecelia Towne DVM
38,Candido Champlin
39,Celine Morar III
40,Terrell Kovacek
41,Josie Ryan
42,Meghan Robel
43,Bennett Lemke
44,Shyanne Kovacek
45,Lucienne Kuvalis
46,Dr. Albin Treutel
47,Cullen Padberg
48,Kendra Hand
49,Macy Wehner
50,Estella Dickinson
51,Mrs. Mathew Medhurst
52,Alvah Hettinger
53,Elyse Effertz
54,May Blanda
55,Jakayla Stamm
56,Mr. Mallory Cronin
57,Mack Crooks
58,Kirsten Kulas
59,Vida Schmitt
60,Alayna Walsh
61,Grayson Lesch
62,Leda Parker
63,Madilyn Gerhold
64,Randi Jerde
65,Jeanette Rau
66,Sophie Raynor
67,Lulu Schuster
68,Citlalli Mueller
69,Newell Grimes
70,Garrett Erdman
71,Unique Swaniawski
72,Kenneth Quigley
73,Zoila Schaefer
74,Abraham Hoppe
75,Wade Schultz
76,Tressa Funk
77,Elwyn Rodriguez
78,Percy Denesik
79,Ms. Brady Pfeffer
80,Kelley Price
81,Keith Dietrich
82,Emmett Jones
83,Pearl Barton PhD
84,Boris Gutkowski
85,Garry Schowalter MD
86,Lazaro Huels
87,Kyla Robel
88,Karelle Rau
89,Jamie Simonis
90,Mr. Marlee Quigley
91,Nella Klein
92,Owen Hilll
93,Orlo Roberts
94,Alphonso Russel
95,Karianne Smitham
96,Brianne Murray
97,Pierce Jenkins
98,Treva Kautzer
99,Laurianne Durgan
100,Oren Lesch
101,Harley Harvey
102,Ms. Adella Stehr
103,Alverta Balistreri
104,Chesley Bailey
105,Bernard Adams
106,Marlin McCullough
107,Malachi Mohr
108,Rex Ondricka
109,Mozelle Pacocha
110,Darrick Blick
111,Alberta Medhurst
112,Mrs. Lamont Walsh
113,Edd Gutkowski I
114,Dr. Jerry Barton
115,Derek Larson
116,Colleen Powlowski
117,Meaghan Carter
118,Amya Cassin
119,Charley Lockman V
120,Sibyl Ward
121,Verner Crist
122,Rebekah Harris
123,Rickey Thompson
124,Quinn Mosciski
125,Geoffrey Renner DDS
126,Winifred Daniel II
127,Eula Kuhn
128,Barrett Haag
129,Guillermo Senger PhD
130,Dr. Krystina Crooks
131,Conrad Konopelski
132,Margret Schaefer
133,Rahsaan Hauck
134,Marquise Turcotte
135,Charles Hermiston
136,Makenzie Hagenes
137,Dion Rempel
138,Chaya Klocko III
139,Alexane Kemmer
140,Demetrius Quitzon
141,Rachelle Tremblay
142,Dereck Schuppe
143,Nash Zboncak
144,Gunnar Goodwin
145,Reggie Harris
146,Georgette Lynch
147,Tomas Stiedemann
148,Winfield Labadie
149,Kristopher Schuster
150,Ms. Madison Williamson
151,Isac Rosenbaum
152,Paris Weimann
153,Laurel Rogahn DDS
154,Lucienne Fisher
155,Jennifer Goodwin
156,Robyn Dooley
157,Dedrick Beatty MD
158,Bella Oberbrunner
159,Xzavier Adams
160,Cletus Ziemann
161,Aracely Kemmer
162,Horace Beahan
163,Chance Goodwin
164,Marielle McClure
165,Lucile Feil
166,Eda Schumm
167,Chadd Auer
168,Xavier Denesik
169,Braulio Turner
170,Tatum Larkin
171,Leanna Stroman
172,Bennett Pagac
173,Mr. Geraldine Heaney
174,Shannon Gaylord
175,Israel Walker
176,Faye Kshlerin
177,Brandi Collier
178,Buddy Parker
179,Amy Konopelski
180,Toni Powlowski
181,Mohamed Batz
182,Dalton McClure DDS
183,Frederick Torp
184,Lorenza Brekke
185,Lucas Stoltenberg
186,Jensen Schmeler
187,Mrs. Queen Schimmel
188,Eric Green MD
189,Brook Mertz
190,Julie Dietrich
191,Vincent Lebsack
192,Chauncey Runte
193,Arthur Monahan
194,Fiona Christiansen
195,Micah Cormier
196,Omari Lueilwitz
197,Gus Doyle
198,Stone Abshire
199,Bessie Treutel
200,Vance Heidenreich
201,Mr. Ron Jerde
202,Madelyn Gleichner
203,Otho Effertz
204,Timothy Rice
205,Mrs. Laron Hahn
206,Stephany Barrows
207,Eveline Dare
208,Tiana Stracke
209,Riley Williamson
210,Cordell Hahn
211,Winona Dietrich
212,Benny Hermiston
213,Mrs. Jaleel McKenzie
214,Nicholas Effertz
215,Jeffry Sporer PhD
216,Juston Hudson
217,Jordy Ritchie
218,Christelle Reinger
219,Kareem Welch
220,Mrs. Demetrius Padberg
221,Rossie Grady V
222,Houston Hermann
223,Nickolas Nienow
224,Jovan Ankunding
225,Micaela Treutel
226,Parker Lueilwitz Sr.
227,Ms. Madonna Hintz
228,Bernadette Considine
229,Reba Grant
230,Leonel Konopelski
231,Vergie Walker
232,Darian Dare
233,Idella Berge
234,Gianni Lynch
235,Blaze Waters
236,Ms. Paige Murray
237,Mr. Nikolas Flatley
238,Wayne Little
239,Rae Pacocha
240,Antonette Carter
241,Giuseppe Baumbach
242,Aylin Gleason
243,Cassandre Stroman
244,Quinn Koch
245,Kieran Lubowitz
246,Marjolaine Bogan
247,Rico Quigley
248,Jasen Berge
249,Joesph Boehm
250,Carmine Berge
251,Deion Farrell
252,Evelyn Robel
253,Ernestina Hegmann DVM
254,Dane Kuhlman
255,Chloe Breitenberg
256,Keon Schumm
257,William Johns
258,Emmanuelle McKenzie I
259,Elise Lesch DVM
260,Garfield Pacocha
261,Flavie Kulas
262,Jayce Skiles
263,Jaquan Effertz
264,Queen Osinski
265,Emanuel Grimes
266,Mariano Kerluke
267,Faustino Strosin
268,Kailey Price
269,Deven Moen
270,Isaac Hermiston
271,Tyrel Pfeffer
272,Skye Langosh
273,Kris Koch
274,Elton Friesen
275,Dr. Jonathan Swaniawski
276,Rosendo Koss Sr.
277,Liana Rogahn
278,Colt Witting
279,Lula Jast IV
280,Dane Luettgen
281,Augustine Willms
282,Emily Dooley
283,Marianne Jenkins
284,Mr. Hayley Walker
285,Alvis Ruecker
286,Fabian Schneider
287,Adelle Murazik
288,Paula Goyette
289,Jace Homenick
290,Anabelle Collins
291,Jovani O'Hara
292,Stanley Rutherford
293,Veda Huels
294,Eliezer Hane
295,Elfrieda Zemlak
296,Ms. Claire Purdy
297,Danika Torp
298,Asha Emmerich
299,Virgie Rohan
300,Joanie Kuhn
301,Jennyfer White
302,Kevin Abshire
303,Malcolm Gorczany
304,Cody Veum
305,Roxane Gerlach
306,Tremaine Rempel
307,Ms. Camden McClure
308,Joany Lynch
309,Norbert Collins
310,Isai Friesen
311,Terence Windler
312,Jaylen Larson
313,Grayson Langosh
314,Felix Conroy
315,Ms. Vena Swift
316,Jaquan Stark
317,Vance Rowe
318,Kenneth Hane
319,Ila Hintz
320,Delbert Legros DVM
321,Terry Fritsch
322,Avis Howe PhD
323,Miss Cielo Roob
324,Buford Gaylord
325,Edna Bahringer
326,Myron Witting
327,Ms. Payton Von
328,Victor Bergnaum
329,Maya Orn
330,Kraig Grady
331,Otilia Quigley
332,Brycen Smith
333,Cassidy Zemlak
334,Lilliana Emmerich
335,Carey Simonis
336,Marcia Brown
337,Davion Rohan
338,Magnus Labadie
339,Anne O'Reilly
340,Maximillian Denesik
341,Miss Leila Monahan
342,Hardy Wilderman
343,Alessandro Spencer
344,Eleanora Mueller V
345,Peter Rippin
346,Madalyn Lehner
347,Daisha Block
348,Monica Franecki
349,Tracy Boyle
350,Nigel Lynch
351,Lorna Kemmer DDS
352,Ms. Astrid Rau
353,Julien Blanda
354,Erica Lemke V
355,Luna Jones
356,Judy Koss
357,Tyrel Hahn
358,Vivianne Schuster
359,Matilde Orn
360,Joey Ernser
361,Janiya Quigley II
362,Caleigh Vandervort
363,Jamarcus Hessel
364,Travon Rosenbaum
365,Sebastian Larkin
366,Garland Emard
367,Shanelle Berge
368,Alexane Hand
369,Jeremie Halvorson
370,Frederik Purdy
371,Orlando Leannon
372,Baby Haag
373,Haylie Maggio
374,Frieda Boehm
375,Laurianne Kozey
376,Rey Kling
377,Dagmar Kessler
378,Pascale Lockman I
379,Gabe Windler
380,Libby Emmerich
381,Wallace Moen
382,Vivienne Fritsch
383,Darrion Kemmer
384,Lyla Rutherford
385,Nona Ward
386,Kira Bergnaum
387,Donavon Rippin
388,Emilio Jones
389,Glenna Roob
390,Mrs. Hillary Swaniawski
391,Alfonso Zulauf
392,Oran Larson II
393,Destany Nitzsche
394,Verner Bergstrom
395,Mrs. Nikita Senger
396,Gladys Hudson
397,Kellie Satterfield
398,Korbin Russel
399,Larry Smith
400,Ms. Nicolette Schmeler
401,Amparo Stoltenberg
402,Thelma Schuppe
403,Adonis Kautzer
404,Daphne Schimmel
405,Karli Kunde
406,Murray McKenzie
407,Antonia Satterfield
408,Tatyana Upton
409,Zella D'Amore
410,Deshawn Heaney
411,Collin Kerluke
412,Elenora Hintz I
413,Gunner Hauck
414,Dr. Gabriel Ankunding
415,Icie Nicolas V
416,Miss Kenna Rempel
417,Ms. Imogene Kessler
418,Creola Schmidt
419,Amari Padberg
420,Jamel Howell
421,Heaven Stanton Sr.
422,Earnest Smitham
423,Wellington Tromp
424,Miss Raheem Hoppe
425,Flossie Orn
426,Aiyana Johnston
427,Leif Rippin DVM
428,Dr. Emmanuel Dickinson
429,Lorenz Gaylord DDS
430,Robin Becker
431,Doris Schimmel
432,Vince O'Keefe Sr.
433,Anibal Johns IV
434,Triston Monahan
435,Javon Streich
436,Julien Gerhold
437,Merle Huels
438,Ismael Zieme
439,Derrick Thiel
440,Evie Lockman
441,Dianna Johnston
442,Andre Haley
443,Dr. Joannie Cronin
444,Brown Herman
445,Derick Okuneva
446,Jaqueline Kerluke
447,Noel Gusikowski Jr.
448,Claudine Schmitt
449,Jany Yundt
450,Reba Cummings
451,Jade Kuhlman
452,Andre Cronin
453,Van Reilly
454,Dr. Leonor Abbott
455,Camilla Schimmel
456,Cordelia Rowe
457,Edgar Kling DDS
458,Josefa Hickle
459,Bradly Lehner
460,Kathryn Batz
461,Stanley Gleichner
462,Mr. Idell Borer
463,Domenic Glover
464,Cooper Senger
465,General Ledner
466,Anahi Zemlak
467,Rachael Kulas
468,Kamren Fritsch MD
469,Garnet Rodriguez
470,Roderick Strosin
471,Dr. Aiyana Gulgowski
472,Noemie Littel PhD
473,Clementine Lind
474,Keaton Cartwright
475,Vance Klocko
476,Ms. Gene Osinski
477,Orrin Douglas
478,Emmy Corwin
479,Stephany Paucek
480,Jakayla Heaney
481,Mrs. Susie Swaniawski
482,Darwin Murazik
483,Jessika Lindgren
484,Ms. Adeline Bartell
485,Claude Collins
486,Leann VonRueden
487,Hailee Weimann
488,Jaunita Hackett Jr.
489,Christine Gislason
490,Valerie Feest
491,Santina Nicolas
492,Jaiden Dooley
493,Houston Borer
494,Lucinda Armstrong
495,Bill Murray
496,Kenyon Nader
497,Shayne Spencer
498,Pat Durgan
499,Raphael Feeney
500,Korbin Effertz
501,Jeanie Tromp V
502,Dr. Hertha Kuhlman
503,Lorenza Rempel
504,Reece Bailey
505,Orval Labadie
506,Emiliano Graham
507,Hazel Mayert
508,Chelsea Robel
509,Reva McDermott
510,Bradley Lueilwitz
511,Domenica Torphy
512,Ruthe Berge
513,Mr. Itzel Schumm
514,Dessie Rath
515,Elmore Huel
516,Winona D'Amore
517,Bernita Gleichner
518,Marlene Robel
519,Carrie Legros DDS
520,Glen Kassulke
521,Samson Bogisich
522,Doris Heathcote
523,Mable Hane
524,Tyree Schroeder
525,Celia Padberg
526,Wellington McGlynn
527,Julian Brakus
528,Miss Delphine Muller
529,Suzanne Sporer
530,Geo Kerluke
531,Dr. Tiffany Daniel
532,Mohammad Schuppe I
533,Kaylee Schultz
534,Antonietta Ritchie
535,Hanna Rath
536,Mrs. Kendall Abbott
537,Hattie Durgan
538,Brennon Wuckert
539,Nikolas Lehner
540,Franz O'Reilly
541,Chloe Jaskolski
542,Jerad Reinger
543,Nia Bashirian
544,Kraig Corwin
545,Rebeka Howe
546,Nathan Walsh
547,Alejandrin Schulist
548,Mrs. Thurman Guªann
549,Ollie Brakus
550,Bradley Bechtelar
551,Herta Sporer
552,Dillan Wilderman
553,Arno Kemmer
554,Mason Harris
555,Maye Hane Jr.
556,Omari Shields
557,Annamarie Fisher
558,Jayce Flatley
559,Cedrick Orn
560,Ashly Rodriguez
561,Marguerite Konopelski
562,Abraham Harªann
563,Elvie Wyman
564,Aylin Gusikowski
565,Chase Wolff
566,Daren McKenzie
567,Asa Morissette
568,Mrs. Christop Witting
569,Weldon Marvin V
570,Olen Walsh
571,Emmanuelle Reichert
572,Adam Ferry
573,Ms. Rick Stracke
574,Elissa Kertzmann
575,Jaquan Parker
576,Harmon Mann
577,Alexys Corkery
578,Alivia Bergstrom DDS
579,Elian Terry
580,Frieda Beahan I
581,Adrian Kub
582,Nona Kozey
583,Elbert Nolan
584,Clair Schmitt
585,Margaretta Raynor
586,Caden Will
587,Mariana Goyette
588,Dandre Schaefer
589,Lou Ledner
590,Gladys Hagenes
591,Christiana Ondricka
592,Heather Altenwerth
593,Janick Crooks
594,Willard Roob II
595,Dock Christiansen
596,Darwin Gaylord
597,Oleta Gulgowski
598,Logan Muller
599,Kailee Waelchi
600,Princess Stehr
601,Edna Pfeffer
602,Collin Murazik
603,Amie Barton
604,Donavon King
605,Kyler Goldner
606,Mitchell Borer
607,Lamont Sauer
608,Lola Botsford
609,Lois Zulauf II
610,Annamae Padberg
611,Eudora Barton III
612,Helmer Wisozk
613,Samir Labadie
614,Garnet Hessel
615,Gillian Blanda
616,Marlene White
617,Beaulah Kertzmann
618,Natasha Heaney
619,Willow Cormier
620,Johnathan Daniel I
621,Aaron Smitham PhD
622,Ronny Rutherford
623,Coby Crist
624,Dora Howell
625,Georgianna Strosin
626,Holly Herzog
627,Dr. Kayley Marvin
628,Mikayla Jacobson
629,Michele Ziemann MD
630,Lilyan Murray
631,Pasquale Monahan
632,Ms. Andres Schneider
633,Adrain Boehm
634,Ahmad Ortiz
635,Paula Homenick
636,Leann Kulas
637,Stanton VonRueden PhD
638,Jimmie Funk
639,Elta Langosh IV
640,Jabari Armstrong
641,Miss Jaylen Reinger
642,Eugenia Glover
643,Vince Ortiz
644,Skylar Pacocha
645,Emie Mueller II
646,Reese D'Amore
647,Kathryne Abbott V
648,Elmira Carter
649,Lori Feeney V
650,Dangelo Heller
651,Litzy Huels
652,Dudley Muller
653,Breanne Steuber
654,Isac Schaefer V
655,Roxane Ortiz
656,Mya O'Hara
657,Laurianne Hauck
658,Araceli O'Keefe
659,Alec Hegmann
660,Maximo Rice
661,Gussie Anderson
662,Collin Reinger
663,Mr. Trystan O'Keefe
664,Jairo Kunde
665,Gerard Keebler
666,Laila Runolfsson
667,Javon Larkin
668,Wilfrid Ankunding
669,Brett Kihn
670,Micaela Conroy
671,Sonya Bauch
672,Corrine Considine
673,Joana Emmerich
674,Lou Goyette
675,Makenna Hintz
676,Beaulah Durgan
677,Blaise Botsford
678,Mr. Marcelo Ledner
679,Deondre Russel
680,Teresa Mitchell I
681,Mr. Loy Cummerata
682,Mr. Adrianna Crona
683,Erica Koss
684,Abraham Hickle DVM
685,Clovis Effertz
686,Jazlyn O'Connell
687,Bonita Bins
688,Jeanne Gorczany
689,Forest Kreiger
690,Walton Rowe III
691,Eusebio Parisian
692,Armando Grady
693,Crystel Leannon
694,Jackie Schinner
695,Alice Rogahn
696,Rashawn Kihn
697,Katrina Wehner
698,Wilmer Watsica
699,Ms. Gayle Graham
700,Dawn Wolff
701,Roosevelt Paucek
702,Orrin Dach
703,Ms. Geo Gottlieb
704,Freeda Hahn
705,Noelia Haley
706,Adrianna Bins
707,Orin Hudson
708,Sunny Tromp
709,Joseph Mertz
710,Cameron Kemmer
711,Dr. Sebastian Yundt
712,Alyce Brekke II
713,Steve Ruecker
714,Nicolas Runte
715,D'angelo Schoen
716,Michaela Stroman
717,Kirsten Adams
718,Jacinto Treutel
719,Murl Romaguera
720,Wilhelmine Connelly
721,Graham Corkery
722,Deontae Hayes
723,Jeff Bogan
724,Demond Gleichner
725,Delfina Kshlerin
726,Viva Brakus
727,Jaeden Stokes
728,Aaliyah Lakin
729,Jennie Murray
730,Frank Frami
731,Abel Feest
732,Markus Brekke
733,Travis King
734,Vince Turner
735,Reynold Grant
736,Antonio McClure
737,Jalyn Mueller
738,Chaz Collier
739,Rey Hahn
740,Davin Nienow
741,Kenton Dach
742,Ole Kuhic
743,Jeremie Gottlieb DVM
744,Stephania Krajcik
745,Sonny Berge
746,Lesly Harber
747,Juana Cummerata
748,Maurine Jacobs IV
749,Guillermo Hane
750,Noemi Yost
751,Lamar Okuneva
752,Vivien Volkman
753,Horace Kshlerin IV
754,Caterina Hermann
755,Eloy Towne
756,Estevan Sipes
757,Liana Moore
758,Conrad Ortiz
759,Peter Greenholt
760,Christop Kshlerin
761,Shana Schoen
762,Louisa McKenzie
763,Hiram Muller
764,Antoinette Schmidt
765,Joshua Waters
766,Myrl O'Conner
767,Rozella King
768,Jacinto Corkery
769,Danielle Gusikowski
770,Jules Huel
771,Mozell Marks
772,Cletus Johns
773,Dr. Mose O'Hara
774,Reginald Berge
775,Lauretta Gerhold PhD
776,Dr. Grayson Cartwright
777,Kailey Prosacco
778,Jarrod Klocko
779,Alvina Schulist
780,Genesis Kuhlman
781,Gillian O'Keefe
782,Josefina Leffler IV
783,Mrs. Adalberto Hyatt
784,Edd Gusikowski I
785,Kirsten McClure
786,Tavares Effertz
787,Lily Pollich
788,Rigoberto Jewess
789,Misty Thompson
790,Cydney Gottlieb IV
791,Rubye Kunze
792,Myah Schmitt
793,Mrs. Zakary Collins
794,Dominique Sauer
795,Francisca Skiles
796,Lupe Dare
797,Laury Abshire
798,Theresa Collins
799,Nasir Schinner
800,Geoffrey Kohler
801,Ted Abernathy
802,Tatum Dare
803,Mr. Jannie Bednar
804,Aurelie Corkery
805,Mr. Gia Smitham
806,Howell Monahan
807,Kellie Waelchi
808,Marilie O'Connell
809,Jan Rice
810,Jan Ritchie V
811,Alexander Bashirian
812,Henderson Hane
813,Abdullah Hickle
814,Bart Jacobson
815,Abbey Berge
816,Bertrand Schroeder V
817,Mina Hermann II
818,Whitney Beatty
819,Shakira Hintz
820,Georgianna Ryan
821,Marguerite Sawayn
822,Ms. Florence Johns
823,Anderson Witting
824,Jedediah Bernier
825,Helena Lemke
826,Jayne Douglas
827,Rae Will
828,Leon Okuneva
829,Marisol Lynch
830,Hermina Jakubowski
831,Gonzalo Kovacek
832,Dr. Kurtis Senger
833,Jordyn Rodriguez
834,Reginald Torphy
835,Hollis Berge
836,Roberto Herzog
837,Destiny Wuckert
838,Cole Hermann
839,Neil O'Kon
840,Harry Senger
841,Narciso Nienow
842,Nicola Wolf DVM
843,Marques Heller
844,Mr. Estelle Kirlin
845,Bailey Ondricka PhD
846,Annetta Barton
847,Alvina Goyette
848,Ezra Bernhard
849,Reba Kris
850,Tyrel Mante
851,Sandrine Schamberger
852,Sarah Haag
853,Krystina Raynor
854,Mr. Rosina Brown
855,Margarete Herman
856,Darien Adams
857,Werner Powlowski
858,Yazmin Cassin
859,Mr. Eloisa Romaguera
860,Henderson Tromp
861,Kurt Walker
862,Abdullah Bergnaum
863,Nora Dach
864,Zoie Smith
865,Ambrose Anderson
866,Baby Senger
867,Meta Moore
868,Alexandro Morissette
869,Chadd Conroy
870,Shea Towne
871,Lorena Balistreri
872,Ivy Beatty
873,Burnice Friesen
874,Nyasia Waters
875,Gregorio Herman
876,Hoyt Bartoletti
877,Ona Mitchell DDS
878,Marisol Dicki
879,Nat Mayer
880,Ms. Caden Wilkinson
881,Mozell Lind
882,Tianna Kris
883,Eriberto Emard Jr.
884,Kamryn Armstrong
885,Virgie Jacobi
886,Garnet Zulauf
887,Jonathon Zboncak
888,Eldora Brakus
889,Alessandro Ferry
890,Mason Cole
891,Cole Schneider
892,Halle Hudson
893,Camron Cole
894,Bobby Ward
895,Mark Kuhlman
896,Zita Bauch
897,Muhammad Senger
898,Miss Owen Kovacek
899,Rosamond Herzog IV
900,Erica Steuber
901,Makenzie Reichel
902,Krystal Walsh
903,Carroll Schmeler
904,Elmira Leuschke
905,Alec Parker DVM
906,Ransom Wuckert
907,Devante Baumbach
908,Horacio West
909,Meaghan Mueller
910,Barbara Littel
911,Patience Luettgen V
912,Vicente Schneider
913,Celestine Larson
914,Ollie Gulgowski
915,Elisha Bruen
916,Mrs. Sierra D'Amore
917,Yoshiko Parker
918,Raul Dietrich
919,Giovanni Williamson
920,Colten Wisoky
921,Elmer Orn
922,Garrison Treutel
923,Alvina Kiehn
924,Lambert Schumm
925,Agustina Muller
926,Arthur Dickinson
927,Devante Gutkowski
928,Reginald Von
929,Clementine Terry
930,Rudy Gerhold
931,Lauren Dach
932,Darrell Tromp
933,Sheridan Klein
934,Merritt Raynor
935,Fiona Johnson
936,Peyton Strosin
937,Augustine Rosenbaum
938,Rafaela Powlowski
939,Hannah Stehr
940,Roy Stokes
941,Aileen Kilback
942,Ophelia Predovic
943,Marlee Beahan
944,Berniece Flatley
945,Zackery Thompson
946,Juliet Zieme
947,Astrid Ratke IV
948,Edna Maggio Jr.
949,Justus Powlowski
950,Marguerite Douglas
951,Angeline Lakin
952,Celestine Kiehn
953,Camryn Conroy
954,Joe Hagenes
955,Miss Courtney Swaniawski
956,Jacynthe Johnson
957,Marlin Pouros
958,Eladio Kshlerin
959,Marjorie Schneider
960,Dalton Fahey
961,Lilian Hilpert
962,Ms. Anais Feeney
963,Mabelle Fritsch
964,Freddy Goodwin
965,Miss Aimee Dare
966,Jesus Auer DDS
967,Dale Kuhlman
968,Ena Abbott
969,Elizabeth Wiegand
970,Nova Rodriguez
971,Pablo Hettinger
972,Arnaldo Shanahan
973,Toy Fay
974,Kasey Kulas
975,Rossie Abshire II
976,Larry Russel
977,Webster Kulas
978,Kareem Jakubowski
979,Raquel Metz
980,Gage Friesen
981,Geovanny Crist
982,Thora Nitzsche
983,Tavares Williamson
984,Carlos Schroeder
985,Devan Bailey DVM
986,Harley Wiegand
987,Dr. Donny Greenfelder
988,Cortney Fritsch
989,Zackary Zboncak
990,Dillon Johnson
991,Luz Runte Jr.
992,Yazmin Johnston
993,Chelsie Runte
994,Dianna Heller
995,Cassie Romaguera
996,Lexi Grant
997,Mireya Stokes
998,Diego O'Hara
999,Kimberly Turcotte
1000,Angeline Keeling MD
1001,Maida Simonis PhD
1002,Constance Schumm
1003,Benedict Labadie
1004,Sharon Roob DVM
1005,Palma Hickle
1006,Nicola Hagenes
1007,Blanca Sanford
1008,Mrs. Isabella Beer
1009,Rozella Turner
1010,Enid Green Sr.
1011,Noemi Harber
1012,Camille Beatty MD
1013,Savion Muller
1014,Makenna Wunsch
1015,Raphael Swaniawski
1016,Mathew Johns III
1017,River Fahey
1018,Elwin Cormier
1019,Jarrell Rutherford
1020,Demarco Treutel
1021,George Schulist
1022,Colt Weimann
1023,Miss Maximo Ryan
1024,Trey Tremblay
1025,Adela Schiller
1026,Myah Pfeffer
1027,Orrin Tillman
1028,Abigail Morar
1029,Zachery Lynch
1030,Leann Cole V
1031,Ruben Hermann
1032,Cordelia Lemke DDS
1033,Carmella Ryan
1034,Lelah Klein
1035,Edna O'Hara
1036,Clotilde Daniel
1037,Rowland Bayer
1038,Cameron McGlynn
1039,Meagan Quigley III
1040,Dr. Fern Schinner
1041,Ms. Fabiola Toy
1042,Ms. Nina Armstrong
1043,Keira Deckow
1044,Miss Caleigh Nader
1045,Maximillia Kessler
1046,Mrs. Arjun Jacobs
1047,Melvin Kuvalis
1048,Trey Osinski
1049,Madelynn Hermiston
1050,Curtis Muller
1051,Jovanny Gusikowski
1052,Dusty Kuhn DVM
1053,Mrs. Major Yundt
1054,Glenna Senger
1055,Kennedi Daugherty
1056,Lucy Lueilwitz
1057,Emmett Schamberger
1058,Graham Paucek
1059,Miss Aniyah Padberg
1060,Presley Beer
1061,Pascale Senger IV
1062,Dr. Emely Beahan
1063,Mr. Luna Lind
1064,Paula Denesik
1065,Hilma Leuschke
1066,Lavina Willms
1067,Finn Armstrong
1068,Marianne Denesik
1069,Wanda Roberts
1070,Scotty Bashirian
1071,Kendall Rippin
1072,Mossie Morissette
1073,Destany Dibbert
1074,Lonny Corkery
1075,Mr. Malcolm Welch
1076,Alene Wyman
1077,Miss Lawson Stanton
1078,Toney Robel
1079,Aubree Jakubowski
1080,Mrs. Kaylee Gusikowski
1081,Madison Marvin
1082,Alia Wiza
1083,Alphonso Rodriguez
1084,Jose Kertzmann
1085,Gage Okuneva
1086,Pedro Ward
1087,Cristopher Douglas DVM
1088,Mr. Rudolph Waters
1089,Mack Stracke
1090,Granville Denesik
1091,Karlie Yundt
1092,Wilford Gaylord
1093,Nella Durgan
1094,Mrs. Raymond Luettgen
1095,Gianni Weimann IV
1096,Aurelie Bergnaum
1097,Garland Hahn
1098,Baylee O'Conner
1099,Audra Kovacek
1100,Destany Collins
1101,Emiliano Douglas
1102,Robert Wiza
1103,Deja Tremblay II
1104,Emelia Graham IV
1105,Ryan Schoen
1106,Magdalen Daniel
1107,Dorothy Sanford
1108,Mr. Vernie Fay
1109,Rocio Beier
1110,Bernie Roberts
1111,Libby Quigley
1112,Richie Daugherty
1113,Ayana Klocko
1114,Stephania Ernser
1115,Eddie Leuschke
1116,Aron Bauch
1117,Carlotta Auer
1118,Mckayla Beatty
1119,Germaine O'Kon
1120,Jammie Carroll
1121,Verda Zieme
1122,Caleigh Schneider
1123,Mr. Concepcion Gleason
1124,Terence Fahey
1125,Marge Bradtke
1126,Paxton Lehner
1127,Audie Bergnaum
1128,Max Conn
1129,Aric Runolfsdottir
1130,Ms. Ashlynn Jones
1131,Kelvin Walsh PhD
1132,Winifred Kulas
1133,Garret Glover Sr.
1134,Nick Hodkiewicz
1135,Marjolaine Mueller
1136,Tianna Kerluke
1137,Lennie Volkman
1138,Lavern Bechtelar
1139,Pierre Lubowitz
1140,Mr. Rico Kirlin
1141,Asia Nolan
1142,Roy Gottlieb
1143,Celia Fahey
1144,Mossie Gottlieb PhD
1145,Miss Brennan VonRueden
1146,Lola Dach
1147,Mr. Tomasa Purdy
1148,Donnie Schultz
1149,Lora Emmerich
1150,Shakira Kerluke
1151,Collin Bartell
1152,Colin Ryan
1153,Kylie Harber
1154,Shannon Grady
1155,Miss Dennis Weissnat
1156,Dr. Niko Friesen
1157,Mrs. Collin Aufderhar
1158,Chris Sawayn Sr.
1159,Hassan Emard
1160,Rebekah Weissnat
1161,Grover O'Kon
1162,Brandy Kutch
1163,John Schuster DDS
1164,Adriel Jaskolski
1165,Darrick Klocko
1166,Gay Wisozk
1167,Elias Krajcik
1168,Newell Cronin
1169,Craig Klocko
1170,Enola Abbott
1171,Kieran Greenfelder
1172,Anne Brekke Jr.
1173,Judge Schamberger
1174,Angelita Wisozk
1175,Miss Margarete Swift
1176,Mateo Lubowitz
1177,Kendrick Hodkiewicz DVM
1178,Clifford Smitham PhD
1179,Glen Heathcote
1180,Alfonzo Will
1181,Sven Lang Sr.
1182,Ryder McClure
1183,Kyler Hessel
1184,Ericka Renner
1185,Hank Ward
1186,Una Volkman
1187,Tianna Parker
1188,Amber Hahn
1189,Maci Roberts
1190,Luis Moen
1191,Wendy Wiegand
1192,Imani Tromp
1193,Aida VonRueden MD
1194,Theodore Ward
1195,Brent Goodwin
1196,Drew Conn
1197,Bertrand Schmitt
1198,Henri White
1199,Oren Berge
1200,Briana Toy
1201,Juliana Ebert
1202,Alene Mosciski
1203,Blake Leffler
1204,Lennie Howe
1205,Miss Emilio Bashirian
1206,General Herzog
1207,Murray Osinski
1208,Naomi Stoltenberg
1209,Lorena Fay
1210,Dejah Kihn
1211,Miss Vergie Schaefer
1212,Desmond Guªann
1213,Jeffry Crona
1214,Alanis Hoeger DDS
1215,Meta Kub
1216,Miss Jeanne Spencer
1217,Sigrid Johnston
1218,Shea Boyer
1219,Brent Kuhn
1220,Hulda Green
1221,Asa Ullrich
1222,Kris Mraz
1223,Chris Jacobs
1224,Jovani Schultz
1225,Terrence Bahringer
1226,Jeffry Spencer
1227,Everett Funk
1228,Davin Block
1229,Dr. Berta Hegmann
1230,Frieda Kub
1231,Earnestine Tillman V
1232,Kris Kshlerin
1233,Percy Lebsack IV
1234,Pierce Champlin
1235,Jaydon Schneider
1236,Cleve Ruecker
1237,Garnet Heller I
1238,Alfreda Wiegand
1239,Alvera Pfannerstill
1240,Jaden Reynolds
1241,Jamil Bayer
1242,Serena Kiehn II
1243,Diego Okuneva
1244,Craig Mayert
1245,Sheila Crooks
1246,Dr. Felton Mills
1247,Dillon Parisian
1248,Andrew Welch
1249,Jamie Parisian
1250,Jayden Goyette
1251,Zakary Hilll III
1252,Genevieve Hills
1253,Stacy Batz
1254,Ashlynn Harvey
1255,Wilson Kreiger
1256,Sammie Bode
1257,Jeanie Reichert
1258,Christophe Schulist
1259,Miracle Paucek
1260,Otha Denesik
1261,Candida Johnston V
1262,Mrs. Ari Robel
1263,Astrid Casper
1264,Francesco Schmeler
1265,Jarrett Powlowski
1266,Miss Mertie Jacobson
1267,Tamia Rogahn
1268,Charlotte Towne
1269,Braulio Sawayn
1270,Effie Koss
1271,Zetta Botsford
1272,Adriana Larson
1273,Nicolas Murazik
1274,Enrique Treutel
1275,Kacie Bradtke
1276,Eryn Nitzsche
1277,Verner King
1278,Juvenal Gibson
1279,Ms. Kurtis Muller
1280,Sophia Dibbert
1281,Bertram Kreiger
1282,Emelie Huels PhD
1283,Mr. Karlee Robel
1284,Fausto Ferry
1285,Brian Pagac II
1286,Natalie Crona
1287,Pat O'Kon
1288,Dr. Nola Lueilwitz
1289,Jaylon Armstrong
1290,Dane Gibson
1291,Trey Kihn
1292,Kurt Adams
1293,Jayne Guªann
1294,Cassandre Wunsch
1295,Johathan Anderson
1296,Rubie Powlowski Jr.
1297,Corine Simonis
1298,Dana Abernathy
1299,Adaline Hammes
1300,Eldon Schmidt
1301,Carol Nienow
1302,Oswaldo Upton
1303,Reinhold Klocko
1304,Jarred Kutch
1305,Hazel Heathcote
1306,Tomasa Cremin
1307,Dina Grady
1308,Britney Langosh
1309,Weldon Haag
1310,Adrien Konopelski
1311,Jermaine Breitenberg
1312,Leilani Abbott
1313,Karson Farrell
1314,Rose Auer
1315,Linnie Jones
1316,Marcelina Stanton
1317,Matilde Buckridge Jr.
1318,Kiley Hirthe
1319,Tavares Ullrich
1320,Jackson Kuhn
1321,Theron Schroeder
1322,Morris Goyette
1323,Giuseppe Altenwerth
1324,Katrine Nitzsche
1325,Alisa Schultz
1326,Erica Zieme
1327,Clifton Mitchell
1328,Abraham Adams
1329,Hilbert Keeling
1330,Ms. Maurice Cummings
1331,Neal Raynor
1332,Abigail Skiles V
1333,Garland Vandervort
1334,Deron Schiller
1335,Keshaun Skiles
1336,Izabella Metz
1337,Lawrence Gusikowski
1338,Mrs. Sister Murazik
1339,Sabryna Lemke
1340,Candelario Luettgen
1341,Kristin Schuppe
1342,Fannie Pagac
1343,Cecilia Reichel
1344,Johnpaul Ankunding
1345,Elijah Erdman
1346,Mariah Herman
1347,Isai McGlynn
1348,Adonis Gottlieb
1349,Weston Crooks
1350,Mossie Stark
1351,Ms. Darrin Torphy
1352,Zachary Lindgren
1353,Mr. Colton Volkman
1354,Ola Considine
1355,Estel Hackett
1356,Schuyler Mayer
1357,Danielle Jenkins
1358,Chance Marquardt
1359,Stanford Spencer
1360,Dane Marquardt
1361,Kenny Dickinson
1362,Emmanuelle Ernser I
1363,Laury Friesen
1364,Quincy McClure
1365,Roman Kerluke
1366,Icie Kris
1367,Winnifred Bechtelar
1368,Evangeline Osinski
1369,Jovanny Tromp
1370,Ilene Larson
1371,Lizeth Bergstrom
1372,Esperanza Gorczany
1373,Rosalyn Abbott
1374,Godfrey Schuster
1375,Alexzander Jones
1376,Israel Auer
1377,Ivah Terry
1378,Dr. Judge Ledner
1379,Alberta Schowalter
1380,Brooke Bode
1381,Rose Mills
1382,Barrett Balistreri
1383,Luisa Bruen
1384,Karlie Ryan
1385,Evans Smitham
1386,Hortense Hermiston
1387,Amelie Medhurst
1388,Aurelie Miller
1389,Shawna Bergnaum
1390,Mrs. Gabriella Jacobson
1391,Adella Nikolaus
1392,Jacynthe Johnson
1393,Dovie Wisoky
1394,Nels Beier
1395,Dr. Eulalia Schmidt
1396,Lila Mayert
1397,Maida Borer
1398,Berenice Casper
1399,Chelsey Raynor
1400,Rusty Schuppe
1401,Pinkie Koelpin
1402,Jensen Schoen
1403,Minnie Romaguera
1404,Kris Kohler
1405,Boris Balistreri
1406,Rosina Kozey
1407,Dina Hansen
1408,Kieran Hahn
1409,Dr. Hector Bergnaum
1410,Vickie Boyer MD
1411,Nikita Bednar
1412,Lucienne Hermiston
1413,Sammy Armstrong
1414,Edwardo Beahan
1415,Benton Smith
1416,Aurelia Schuster
1417,Miss Allison Ebert
1418,Sheldon Fahey
1419,Sydnie Gleichner
1420,Lucinda Pagac V
1421,Ben Lemke
1422,Kaleb Shields
1423,Jany Parisian
1424,Lydia Cummerata
1425,Stewart Jast
1426,Forrest Olson
1427,Mr. Juliana Marvin
1428,Coy Zulauf
1429,Esmeralda Rice
1430,Fabian Bradtke
1431,Merle Huels
1432,Sandy Ruecker
1433,Cullen Heathcote
1434,Hildegard Konopelski
1435,Willa Herman DVM
1436,Kaleigh Gorczany
1437,Devin Fadel
1438,Dr. Ari Greenfelder
1439,Mrs. Craig Franecki
1440,Luella Mohr
1441,Arch Bosco
1442,Bo Goyette
1443,Dillan Sporer
1444,Delfina Schultz
1445,Grace Bins IV
1446,Verner Trantow DDS
1447,Amiya Swaniawski
1448,Florencio Price
1449,Mr. Leanna Schumm
1450,Zachary Stracke
1451,Fritz Waters
1452,Coralie Boyer
1453,Claudia Leuschke
1454,Margarita Heaney II
1455,Wayne Keeling
1456,Santa Kirlin
1457,Mrs. Christina Guªann
1458,Elsie Cremin
1459,Kelton Eichmann
1460,Ms. Chelsey Considine
1461,Ed Roberts
1462,Odessa Reichert
1463,Eden Stokes
1464,Brown Marvin
1465,Keanu Osinski
1466,Ericka Abbott DDS
1467,Terry Koch
1468,Tressie Quitzon
1469,Al Fahey
1470,Anibal Cummerata
1471,Alberto Rempel
1472,Eriberto Nolan
1473,Dawson Hoppe
1474,Ms. Jennings Runte
1475,Maureen Green
1476,Vance Schuster
1477,Bryana Bednar
1478,Dr. Desiree Bauch
1479,Thea Hagenes IV
1480,Jammie Stehr
1481,Shyanne Rempel
1482,Creola Trantow
1483,Makenzie Walsh
1484,Bennie Pacocha
1485,Mozell Reichert
1486,Jude Crona
1487,Casper Zboncak
1488,Candice Jenkins
1489,Britney Abernathy
1490,Harmon Rutherford
1491,Brooks Little
1492,Kaya Marvin
1493,Luz Walker
1494,Zachariah Hudson
1495,Torrance Mills
1496,Daniella Hansen
1497,Jorge Gulgowski
1498,Easton Funk
1499,Annetta Renner
1500,Harold Swaniawski
1501,Curt Wisoky
1502,June Hermiston
1503,Maiya Bartoletti
1504,Marisol Stoltenberg DDS
1505,Bradley Kemmer
1506,William Fisher
1507,Valentin Thompson
1508,Peggie Jacobson
1509,Dr. Miguel Abshire
1510,Serenity O'Hara
1511,Lisa Kessler
1512,Madelynn Cassin DVM
1513,Chet Kiehn
1514,Hilario Predovic
1515,Jamey Ferry
1516,Reva Corkery
1517,Jackeline Jewess
1518,Jason Wilkinson
1519,Murray Buckridge
1520,Anne Blanda
1521,Marcos Crist
1522,Caleb Armstrong
1523,Erin Reilly
1524,Juana Wisozk
1525,Mrs. Winona Rolfson
1526,Devan Jacobs
1527,Francesca Greenholt III
1528,Joannie White
1529,Giovanna Heller
1530,Violette Orn
1531,Palma Stracke
1532,Dr. Dallin Ritchie
1533,Marques Walker PhD
1534,Roel Guªann
1535,Kenya Gibson Jr.
1536,Ali Kozey
1537,Miss Mae Fritsch
1538,Crystel White
1539,Henry Corkery III
1540,Janiya Sipes
1541,Aron Pouros
1542,Morris Hilpert
1543,Mae Doyle
1544,Shirley Kessler
1545,Giovanna Mills
1546,Dillan Ortiz
1547,Kacey Mills
1548,Jovan Wiegand
1549,Davion Kunde
1550,Kyle Hackett
1551,Grayce Stokes
1552,Keaton Schneider
1553,Markus Gerhold
1554,Cleo Pfannerstill
1555,Gerardo Heidenreich
1556,Jordi Kunde
1557,Juvenal Douglas
1558,Adolph Robel
1559,Maritza Hahn III
1560,Adell Maggio
1561,Malinda Lehner
1562,Diamond Huel I
1563,Donna Denesik
1564,Anya Kunze
1565,Keon Morissette
1566,Korbin Hodkiewicz
1567,Deontae Koch
1568,Cassidy Kirlin
1569,Kale Hettinger
1570,Alycia Gleason
1571,Elva Paucek
1572,Ms. Jayce Beatty
1573,Austin Stroman
1574,Madelyn Kertzmann
1575,Loraine Pfeffer
1576,Shayne Johnson
1577,Raleigh Macejkovic
1578,Yasmine Mraz
1579,Deven Durgan
1580,Maryse Schultz
1581,Athena Rodriguez
1582,Moriah Erdman
1583,Noe Goodwin
1584,Bradly Cartwright
1585,Jamal Weimann
1586,Meaghan Donnelly
1587,Christopher Runolfsson
1588,Miss Madelyn Pfannerstill
1589,Harmony Funk
1590,Jackson Auer
1591,Beulah O'Connell
1592,Carolina Hudson
1593,Kenneth Hessel
1594,Yvonne Pfannerstill
1595,Darron Zulauf
1596,Fabiola Cummings
1597,Marcellus Kshlerin
1598,Kendall Weimann
1599,Jordyn McKenzie
1600,Cale Monahan
1601,Adelia Dach
1602,Dr. Maybelle Ziemann
1603,Fernando Kohler
1604,Jeffery Bartell
1605,Hailey Rippin
1606,Andreane Tromp
1607,Aglae Pollich
1608,Cecile Torphy
1609,Connie Kutch
1610,Lilian Orn IV
1611,Ms. Kendall Stoltenberg
1612,Darien Breitenberg
1613,Kayleigh Dietrich
1614,Adrianna West IV
1615,Martin Hintz
1616,Ines Stiedemann
1617,Vicenta Batz
1618,Dillan Abbott Sr.
1619,Geovanni Nienow
1620,Xavier Spinka
1621,Glenda Nienow
1622,Rose Cronin
1623,Cathy Powlowski
1624,Phyllis Rempel
1625,Brian Romaguera
1626,Keshaun D'Amore
1627,Brice Rice
1628,Judd Reynolds
1629,Aubrey Corwin
1630,Price Okuneva
1631,Herman Walter
1632,Larry Leannon
1633,Lisa Deckow
1634,Paxton Walker
1635,Delores Thompson
1636,Dr. Shanel Corkery
1637,Garret Friesen
1638,Alexander Corwin
1639,Merritt Emard
1640,Christian Rohan
1641,Florine Reichel
1642,Haskell Bode
1643,Kristian Kling
1644,Myron Rolfson
1645,Tara Ondricka
1646,Augustine Roberts MD
1647,Jayne Huels
1648,Henriette Reichert
1649,Margot Grady
1650,Pasquale Stiedemann
1651,Winston Braun
1652,Marian Cormier
1653,Brett Wilkinson
1654,Flossie Bahringer
1655,Mac Franecki
1656,Gregoria Rogahn
1657,Kailee Olson
1658,Precious Olson
1659,Mrs. Marlen Jacobi
1660,Amelia Farrell
1661,Mr. Reginald Russel
1662,Lorine Keeling
1663,Noah Cummerata
1664,Charlene Ankunding
1665,Imelda Abshire
1666,Barton Kihn
1667,Orie Luettgen Jr.
1668,Mavis Kerluke
1669,Valerie Walter
1670,Domenick Nicolas
1671,Lydia Nikolaus
1672,Allen Donnelly
1673,Wellington Beier
1674,Miss Myriam Herzog
1675,Keagan Gutkowski
1676,Kira Wiegand
1677,Domenic Von DDS
1678,Nils Fisher
1679,Garret Mayer
1680,Carter Thompson
1681,Yolanda Tromp
1682,Jeremie Heller
1683,Elroy D'Amore
1684,Aletha Beahan
1685,Gladyce Kling
1686,Karianne Bernhard
1687,Keira Renner
1688,Dion Boehm
1689,Mrs. Eloy Lindgren
1690,Lexus Balistreri
1691,Tate Collier
1692,Kayli Dicki
1693,Mallory Hudson
1694,Audie Keebler I
1695,Zita Marvin
1696,Hugh Brakus
1697,Vada Beier
1698,Frieda Tremblay
1699,Kurtis Schroeder
1700,Johnny Stamm
1701,Murl D'Amore
1702,Sebastian Balistreri
1703,Lewis Schimmel
1704,Stone Goldner
1705,Verona Spinka
1706,Johanna Homenick DVM
1707,Rashawn Kessler
1708,Hadley Wisozk
1709,Kamron Swaniawski
1710,Hillary Purdy
1711,Andres Grant
1712,Mrs. Cara Schmeler
1713,Miss Arielle Wisoky
1714,Tom Sauer
1715,Toby Will
1716,Erwin Walter
1717,Tyrique Barton
1718,Giovanna Satterfield
1719,Lizzie Johns MD
1720,Candice Deckow
1721,Adolfo Collins
1722,Raymundo Kreiger
1723,Kody Feest
1724,Anastasia Padberg
1725,Ruth Armstrong
1726,Clint McLaughlin
1727,Kurt Russel
1728,Nella Botsford DDS
1729,Elena Douglas
1730,Ms. Trent Streich
1731,Maxwell Fadel
1732,Ms. Electa Hilpert
1733,Tyra Beatty
1734,Zita Dibbert
1735,Vivienne Emmerich
1736,Verona Beahan
1737,Jaren Ziemann
1738,Nakia Balistreri
1739,Carlie Grady
1740,Rebeca Ebert
1741,Mr. Bo Treutel
1742,Jerrold Schulist
1743,Alfonzo Mayert
1744,Eugenia Heller
1745,Marques Hagenes
1746,General Schoen
1747,Myrtle Hermiston
1748,Zoila Crona
1749,Devante Corkery
1750,Felix Hansen
1751,Cheyenne Ledner DVM
1752,Isai Tromp
1753,Cleora Marks
1754,Dena Armstrong
1755,Bobby Harvey V
1756,Easter Lesch
1757,Ludie Hettinger
1758,Laurine Ratke
1759,Austen Waelchi
1760,Grady Grimes
1761,Madie Stokes
1762,Cassie Auer
1763,Gudrun Denesik
1764,Brice Kovacek
1765,Omari Hauck
1766,Nils Hane
1767,Aiden Kiehn
1768,Ari Klein
1769,Joy Johns
1770,Loren Reinger DDS
1771,Dale Dach
1772,Gracie Beier
1773,Leopold Bergnaum
1774,Aleen Herzog
1775,Wilma Jaskolski
1776,Dr. Treva Corwin
1777,Marlon Ebert
1778,Earlene VonRueden
1779,Norma Huels
1780,Mrs. Isobel Braun
1781,Jayda McClure
1782,Adela Dickens
1783,Miss Bailey Heathcote
1784,Nickolas Schoen
1785,Gia Thiel PhD
1786,Lia Kirlin
1787,Gracie Haley
1788,Pablo Wunsch
1789,Aurelia Bernhard
1790,Daryl Treutel
1791,Lyric Kulas
1792,Ms. Randall Aufderhar
1793,Margarita Sauer III
1794,Cathryn Hoppe
1795,Ila Dooley
1796,Rudy Deckow
1797,Jaquelin Schmidt
1798,Sadye Tromp
1799,Sylvester Smitham PhD
1800,Eunice Hudson
1801,Marlon Boehm III
1802,Betsy Schaden IV
1803,Ivy Hessel
1804,Amos Dooley
1805,Miss Rogelio Lang
1806,Emory Jacobs
1807,Travon Grant
1808,Adam Maggio
1809,Kelton Sporer
1810,Calista Bahringer II
1811,Lucius Stiedemann
1812,Ruthe Price
1813,Ms. Laila Klocko
1814,Mohammed Johns
1815,Ola Robel
1816,Pierre Schroeder
1817,Cali Wehner
1818,Emmet Stamm
1819,Salma Windler
1820,Stacy Friesen
1821,Stella Reinger
1822,Larue Beahan
1823,Kayley Hoeger
1824,Alfredo Kilback DVM
1825,Moses Wilkinson
1826,Ashleigh Koepp
1827,Erika Maggio
1828,Francisca Spencer
1829,Palma Rippin
1831,Brock Rowe
1832,Rita O'Reilly
1833,Ms. Dominique Brown
1834,Alana Ankunding
1835,Sage Bashirian
1836,Helmer Boyle
1837,Muriel Gleichner
1838,Brooks Bashirian
1839,Gladyce Mraz
1840,Marty Lowe
1841,Bennie Reichel
1842,Gregoria O'Connell
1843,Alan Wilderman
1844,Irwin Cormier
1846,Kristin Carter
1847,Lori Davis II
1848,Earline Wisoky
1849,Brown Rempel
1850,Dylan Nicolas
1851,Electa Heidenreich
1852,Filiberto Price II
1853,Israel Volkman
1854,Ian DuBuque
1855,Muriel O'Conner
1856,Eleazar Nicolas MD
1858,Destin Jaskolski
1859,Gilda Jewess
1860,Jeromy Veum
1862,Ryan McGlynn
1863,Uriah Stanton
1864,Katrine Muller
1865,Dr. Deonte Bechtelar
1866,Camryn Stamm
1867,Abbey Welch
1868,Justus Parisian
1869,Vivianne Hessel
1870,Ike Mraz
1871,Laurianne Goldner
1872,Pansy Dach
1873,Gilda Bauch
1874,Emilio Ratke
1875,Mr. Aaron Wisozk
1876,Aliyah Flatley
1877,Lukas Lockman
1879,Blake Torp
1881,Claude Schinner
1883,Mckenzie Schmitt
1884,Miss Itzel Mosciski
1885,Adalberto Quigley
1886,Aurore Torp
1887,Gus Senger
1888,Betty Zieme
1889,Kianna Schulist I
1890,Jessika Romaguera
1891,Constance Lind
1892,Lelah Lynch
1893,Keagan Champlin
1894,Delta Dare
1895,Linwood Wolff
1896,Sheila Huels PhD
1897,May Gusikowski
1898,Andre Tillman
1899,Kevon Koepp
1900,Berneice Bartell MD
1902,Lauryn Feest
1903,Anne Stoltenberg
1905,Jamison Schamberger
1906,Samson Beer DVM
1907,Barrett Grimes
1908,Trey Baumbach
1909,Dr. Dayana Price
1910,Marion Gottlieb
1911,Mrs. Doug White
1912,Gabriel Goyette
1914,Sadie Jerde
1915,Arely King
1916,Mrs. Maximillian Reichert
1917,Madaline Dibbert
1918,Miss Audra Donnelly
1919,Aleen Rohan
1920,Cooper Olson
1921,Helene Hauck DVM
1923,Ollie Glover
1927,Royce Mueller IV
1928,Aliya Borer Jr.
1929,Juanita Murphy
1930,Sheila Vandervort
1931,Ms. Kali Kilback
1932,Dannie Pagac
1933,Cooper Goodwin
1934,Hanna Boehm
1935,Christy Daniel
1936,Kayden Ullrich
1937,Lionel Gleichner
1938,Keeley Jones
1939,Dr. Cora Lehner
1941,Peter Rice
1942,Brooklyn Greenfelder
1946,Cathryn Hoeger
1947,Bailee Wilkinson
1949,Jakob Thiel
1950,Joannie Wiza
1951,Neha Braun
1955,Loyce Wuckert
1956,Ruby D'Amore
1960,Emma Ledner
1961,Shirley Hoppe II
1963,Bridgette Rice
1964,Orie Vandervort
1965,Vita Prohaska
1966,Ima Rowe
1967,Esmeralda Abbott
1968,Susanna Abshire
1969,Cathrine Rath V
1970,Merle Deckow IV
1971,Zion Price
1972,Jermain Watsica
1976,Clifford Wolff
1977,Dr. Maida Mosciski
1979,Ms. Amy Brakus
1982,Darrin Moore
1986,Mrs. Valerie Stokes
1990,Collin Gusikowski
1993,Enrico Stamm
1994,Ethelyn Bailey
1997,Maye Kutch
1998,Demarco Fay
